신청일,직업군,상품유형,신용점수,연소득,제시금리,제시한도,승인여부
2026-06-01,직장인,비상금대출,824,3870.0,11.3,300.0,1
2026-06-01,직장인,신용대출,768,5960.0,9.1,4850.0,1
2026-06-01,직장인,비상금대출,762,3850.0,11.4,300.0,1
2026-06-01,직장인,비상금대출,711,7220.0,10.6,300.0,1
2026-06-02,,신용대출,843,4440.0,8.5,4810.0,1
2026-06-03,무직·주부,신용대출,684,1880.0,13.7,700.0,0
2026-06-03,직장인,비상금대출,782,4830.0,11.6,300.0,1
2026-06-03,직장인,신용대출,796,6560.0,9.9,6950.0,1
2026-06-03,직장인,신용대출,620,4390.0,13.2,4300.0,0
2026-06-04,직장인,신용대출,689,4270.0,12.9,3740.0,1
2026-06-04,직장인,신용대출,835,3940.0,9.6,3580.0,1
2026-06-04,직장인,대환대출,737,6200.0,9.4,7550.0,0
2026-06-04,공무원,신용대출,685,6320.0,11.8,7050.0,0
2026-06-04,자영업자,대환대출,573,5640.0,11.3,4420.0,0
2026-06-05,직장인,신용대출,765,4560.0,11.1,3660.0,0
2026-06-05,무직·주부,신용대출,683,1670.0,12.0,440.0,0
2026-06-05,무직·주부,신용대출,601,940.0,14.9,280.0,0
2026-06-05,프리랜서,비상금대출,686,3110.0,13.1,300.0,1
2026-06-05,무직·주부,신용대출,576,1140.0,15.3,280.0,0
2026-06-05,자영업자,대환대출,641,5600.0,11.1,2360.0,1
2026-06-06,자영업자,대환대출,743,2000.0,11.4,1830.0,1
2026-06-06,무직·주부,대환대출,478,550.0,15.7,170.0,0
2026-06-06,직장인,비상금대출,783,3920.0,11.3,300.0,1
2026-06-06,,신용대출,651,1320.0,12.5,370.0,0
2026-06-06,프리랜서,대환대출,528,14580.0,14.5,10230.0,0
2026-06-07,직장인,신용대출,633,6940.0,13.5,9230.0,0
2026-06-08,직장인,신용대출,778,5700.0,9.0,5720.0,1
2026-06-08,프리랜서,신용대출,830,4340.0,10.2,1550.0,1
2026-06-08,공무원,신용대출,798,4080.0,8.0,4380.0,1
2026-06-09,무직·주부,비상금대출,877,1460.0,7.5,300.0,1
2026-06-10,,비상금대출,670,48000000.0,11.5,300.0,1
2026-06-10,,비상금대출,722,1980.0,13.8,300.0,1
2026-06-10,자영업자,비상금대출,683,1290.0,13.1,300.0,1
2026-06-11,,비상금대출,628,1180.0,15.7,200.0,0
2026-06-12,직장인,대환대출,770,4890.0,11.7,5060.0,1
2026-06-12,프리랜서,신용대출,604,1760.0,13.7,760.0,1
2026-06-13,자영업자,신용대출,546,2660.0,15.1,1210.0,0
2026-06-13,자영업자,비상금대출,640,5850.0,14.1,300.0,0
2026-06-14,무직·주부,신용대출,543,,14.1,530.0,0
2026-06-14,프리랜서,신용대출,633,2770.0,13.0,1620.0,1
2026-06-14,직장인,신용대출,672,9400.0,9.6,9730.0,0
2026-06-15,,대환대출,573,5340.0,11.4,5830.0,0
2026-06-16,프리랜서,대환대출,650,5240.0,11.1,,1
2026-06-17,,비상금대출,881,3610.0,7.5,300.0,1
2026-06-17,무직·주부,신용대출,708,840.0,11.4,160.0,1
2026-06-17,직장인,신용대출,803,3210.0,10.0,3080.0,1
2026-06-17,직장인,비상금대출,859,6930.0,10.9,300.0,1
2026-06-17,직장인,비상금대출,714,7710.0,11.2,300.0,1
2026-06-17,직장인,신용대출,788,4680.0,8.0,5040.0,1
2026-06-17,무직·주부,비상금대출,457,1370.0,16.6,300.0,0
2026-06-18,무직·주부,신용대출,525,1420.0,14.3,530.0,0
2026-06-18,직장인,비상금대출,791,2170.0,10.7,300.0,1
2026-06-18,직장인,대환대출,725,5160.0,8.0,5010.0,1
2026-06-19,무직·주부,대환대출,540,2270.0,12.3,840.0,0
2026-06-21,무직·주부,대환대출,872,1320.0,8.6,530.0,1
2026-06-21,공무원,신용대출,771,5220.0,12.5,6070.0,1
2026-06-21,자영업자,신용대출,717,11760.0,11.0,15000.0,1
2026-06-21,직장인,비상금대출,746,3850.0,12.3,300.0,1
2026-06-22,공무원,비상금대출,755,4730.0,10.2,300.0,1
2026-06-22,자영업자,대환대출,648,3330.0,8.5,3630.0,1
2026-06-23,직장인,비상금대출,786,4250.0,11.9,300.0,1
2026-06-23,프리랜서,신용대출,773,3540.0,10.6,,1
2026-06-23,프리랜서,대환대출,735,6260.0,9.6,1300.0,1
2026-06-23,직장인,신용대출,834,5360.0,9.8,5860.0,1
2026-06-24,직장인,대환대출,855,3710.0,7.4,3340.0,1
2026-06-24,직장인,비상금대출,708,,13.3,300.0,1
2026-06-25,직장인,비상금대출,679,5420.0,12.1,300.0,1
2026-06-25,직장인,신용대출,755,2930.0,12.7,2820.0,1
2026-06-25,직장인,비상금대출,735,5470.0,12.1,300.0,1
2026-06-25,직장인,신용대출,827,3700.0,9.1,3340.0,1
2026-06-26,자영업자,비상금대출,683,,14.9,300.0,0
2026-06-26,직장인,신용대출,817,,8.4,2900.0,1
2026-06-26,공무원,비상금대출,718,5210.0,11.9,300.0,1
2026-06-26,직장인,대환대출,848,5850.0,6.4,4040.0,1
2026-06-26,자영업자,비상금대출,744,1070.0,10.0,300.0,1
2026-06-26,자영업자,대환대출,630,1600.0,11.5,400.0,1
2026-06-27,자영업자,신용대출,667,2630.0,12.0,1080.0,0
2026-06-27,직장인,신용대출,812,4450.0,35.0,4600.0,1
2026-06-27,무직·주부,비상금대출,619,2190.0,16.5,300.0,0
2026-06-28,직장인,신용대출,813,,7.0,7480.0,1
2026-06-28,프리랜서,비상금대출,671,7100.0,12.6,300.0,1
2026-06-29,프리랜서,비상금대출,729,2280.0,11.5,300.0,1
2026-06-29,직장인,비상금대출,780,8220.0,12.4,300.0,1
2026-06-30,직장인,신용대출,651,5400.0,13.2,5610.0,1
2026-06-30,자영업자,대환대출,712,3170.0,10.5,1770.0,1
2026-06-30,프리랜서,신용대출,610,1940.0,14.0,740.0,0
2026-07-01,직장인,신용대출,777,5440.0,10.2,5650.0,1
2026-07-02,직장인,대환대출,829,3850.0,7.0,3390.0,1
2026-07-02,직장인,대환대출,823,3520.0,6.6,2870.0,1
2026-07-03,직장인,대환대출,764,6220.0,10.8,4580.0,1
2026-07-03,프리랜서,신용대출,626,3260.0,14.6,1910.0,1
2026-07-03,자영업자,비상금대출,702,2660.0,11.6,300.0,1
2026-07-03,자영업자,신용대출,612,11570.0,12.7,4620.0,0
2026-07-04,무직·주부,신용대출,401,960.0,18.6,460.0,0
2026-07-04,,신용대출,778,6530.0,10.0,8140.0,1
2026-07-04,직장인,신용대출,690,5650.0,14.2,4760.0,0
2026-07-04,직장인,대환대출,627,3970.0,13.7,2980.0,0
2026-07-04,무직·주부,신용대출,844,820.0,10.7,380.0,1
2026-07-05,직장인,비상금대출,691,5420.0,15.1,300.0,1
2026-07-06,자영업자,비상금대출,590,5210.0,14.1,300.0,0
2026-07-06,무직·주부,신용대출,703,920.0,11.2,430.0,1
2026-07-07,공무원,비상금대출,898,6680.0,9.9,300.0,1
2026-07-08,직장인,신용대출,785,7160.0,10.5,6560.0,1
2026-07-08,공무원,신용대출,942,6340.0,19.5,7520.0,1
2026-07-08,자영업자,비상금대출,617,2870.0,11.2,300.0,1
2026-07-08,자영업자,신용대출,858,,7.1,3750.0,1
2026-07-09,프리랜서,신용대출,643,1840.0,12.2,1690.0,0
2026-07-09,프리랜서,신용대출,716,4900.0,12.1,1600.0,1
2026-07-10,자영업자,대환대출,612,5160.0,10.6,2620.0,1
2026-07-10,직장인,신용대출,683,6170.0,10.9,5630.0,1
2026-07-11,자영업자,신용대출,793,3990.0,8.3,2650.0,1
2026-07-12,직장인,신용대출,778,5460.0,10.8,4680.0,1
2026-07-12,프리랜서,대환대출,527,3110.0,17.2,1270.0,0
2026-07-13,프리랜서,신용대출,589,,13.5,3490.0,0
2026-07-14,자영업자,신용대출,667,3900.0,11.1,1370.0,1
2026-07-15,직장인,대환대출,729,4680.0,9.8,3990.0,1
2026-07-15,직장인,비상금대출,789,8970.0,11.0,300.0,1
2026-07-16,자영업자,신용대출,751,7170.0,12.8,3730.0,1
2026-07-16,공무원,대환대출,955,5190.0,5.4,5860.0,1
2026-07-17,직장인,대환대출,783,4400.0,9.3,4080.0,1
2026-07-17,직장인,신용대출,790,5050.0,9.4,5430.0,1
2026-07-17,자영업자,대환대출,600,2860.0,10.5,4330.0,1
2026-07-17,직장인,비상금대출,800,3800.0,9.5,300.0,1
2026-07-18,직장인,신용대출,825,3810.0,8.8,3590.0,1
2026-07-19,공무원,비상금대출,911,4930.0,8.5,300.0,1
2026-07-19,직장인,대환대출,858,4770.0,7.9,4630.0,1
2026-07-19,무직·주부,신용대출,622,1690.0,11.2,460.0,0
2026-07-20,직장인,비상금대출,719,7170.0,13.7,300.0,0
2026-07-20,공무원,신용대출,986,5380.0,4.5,5330.0,1
2026-07-20,직장인,신용대출,797,,10.6,5690.0,1
2026-07-21,직장인,비상금대출,770,4900.0,14.2,,1
2026-07-21,자영업자,대환대출,768,2750.0,10.1,970.0,1
2026-07-21,직장인,비상금대출,736,4540.0,11.3,300.0,1
2026-07-21,직장인,신용대출,911,6870.0,7.3,6690.0,1
2026-07-21,공무원,비상금대출,955,5670.0,9.6,300.0,1
2026-07-22,직장인,신용대출,726,5570.0,10.5,6380.0,1
2026-07-22,직장인,신용대출,783,,11.5,5140.0,1
2026-07-22,직장인,신용대출,755,2860.0,10.4,2810.0,1
2026-07-23,프리랜서,비상금대출,727,1750.0,11.5,300.0,1
2026-07-23,자영업자,비상금대출,662,2340.0,13.2,300.0,0
2026-07-23,직장인,대환대출,898,3840.0,6.5,3210.0,1
2026-07-23,공무원,신용대출,990,4580.0,4.5,5470.0,1
2026-07-24,프리랜서,비상금대출,696,3130.0,13.4,300.0,0
2026-07-24,자영업자,비상금대출,623,,14.3,300.0,1
2026-07-25,자영업자,신용대출,805,4240.0,9.6,2350.0,1
2026-07-25,무직·주부,신용대출,555,1700.0,16.0,,0
2026-07-25,직장인,비상금대출,767,4040.0,9.9,300.0,1
2026-07-26,직장인,신용대출,754,5040.0,10.6,5040.0,1
2026-07-26,직장인,대환대출,929,2980.0,6.1,2180.0,1
2026-07-26,직장인,비상금대출,844,7200.0,8.5,300.0,1
2026-07-26,자영업자,신용대출,668,0.0,12.2,1500.0,0
2026-07-26,무직·주부,신용대출,474,1330.0,15.8,340.0,0
2026-07-26,직장인,신용대출,738,6810.0,10.3,,1
2026-07-26,공무원,비상금대출,757,3890.0,11.7,300.0,1
2026-07-27,직장인,비상금대출,717,5510.0,12.4,300.0,0
2026-07-27,자영업자,비상금대출,697,3790.0,12.6,300.0,1
2026-07-29,,대환대출,794,4940.0,7.8,6380.0,1
2026-07-29,직장인,비상금대출,645,2440.0,13.8,300.0,0
2026-07-29,직장인,신용대출,688,6170.0,12.7,5470.0,0
2026-07-29,직장인,대환대출,851,4540.0,9.0,4940.0,1
2026-07-31,직장인,신용대출,658,7910.0,13.9,8050.0,0
2026-07-31,자영업자,신용대출,801,3160.0,6.6,2410.0,1
2026-07-31,직장인,대환대출,747,8610.0,8.9,7460.0,1
2026-08-01,자영업자,대환대출,612,4150.0,9.9,1720.0,0
2026-08-01,직장인,신용대출,561,6960.0,13.8,4660.0,1
2026-08-01,직장인,신용대출,638,5940.0,13.7,4920.0,0
2026-08-02,직장인,신용대출,708,6350.0,13.3,5860.0,1
2026-08-02,공무원,비상금대출,879,5210.0,8.7,300.0,1
2026-08-02,프리랜서,신용대출,794,,8.0,1340.0,1
2026-08-02,자영업자,비상금대출,748,4710.0,13.1,,1
2026-08-03,프리랜서,신용대출,758,2180.0,12.6,1430.0,1
2026-08-03,직장인,대환대출,913,5150.0,7.8,5130.0,1
2026-08-03,직장인,비상금대출,910,4210.0,8.9,300.0,1
2026-08-04,프리랜서,신용대출,701,8260.0,9.5,2580.0,0
2026-08-04,자영업자,대환대출,775,7220.0,8.4,3640.0,1
2026-08-04,직장인,대환대출,683,5780.0,9.2,3950.0,1
2026-08-05,프리랜서,신용대출,666,2390.0,14.0,3510.0,1
2026-08-05,직장인,비상금대출,817,4750.0,10.0,300.0,1
2026-08-05,무직·주부,대환대출,870,3390.0,7.3,820.0,1
2026-08-05,직장인,신용대출,720,3720.0,12.0,2730.0,1
2026-08-06,직장인,비상금대출,517,4280.0,15.5,300.0,0
2026-08-06,직장인,대환대출,755,4700.0,7.4,3660.0,1
2026-08-06,자영업자,비상금대출,702,3050.0,12.9,300.0,1
2026-08-07,공무원,신용대출,835,4570.0,8.2,4650.0,1
2026-08-08,직장인,비상금대출,764,,11.6,300.0,1
2026-08-08,직장인,대환대출,716,4810.0,10.0,4350.0,1
2026-08-08,자영업자,대환대출,705,3960.0,10.2,1810.0,1
2026-08-09,직장인,비상금대출,705,3790.0,13.0,300.0,1
2026-08-09,직장인,비상금대출,757,4850.0,9.9,300.0,1
2026-08-09,프리랜서,대환대출,624,2760.0,11.3,1040.0,0
2026-08-09,공무원,비상금대출,752,5680.0,10.8,300.0,1
2026-08-11,직장인,신용대출,790,3010.0,9.0,3410.0,1
2026-08-12,자영업자,대환대출,745,3920.0,8.6,2240.0,1
2026-08-12,무직·주부,대환대출,608,2040.0,12.8,580.0,0
2026-08-12,직장인,신용대출,633,6440.0,11.9,4960.0,1
2026-08-13,무직·주부,신용대출,748,2010.0,9.9,600.0,1
2026-08-13,직장인,신용대출,903,4460.0,8.9,5010.0,1
2026-08-13,프리랜서,신용대출,631,3600.0,12.0,1620.0,0
2026-08-13,직장인,신용대출,731,4770.0,8.6,4670.0,1
2026-08-14,직장인,신용대출,643,6280.0,13.4,5050.0,0
2026-08-14,직장인,신용대출,677,6850.0,12.2,6930.0,0
2026-08-14,프리랜서,신용대출,531,9690.0,42.5,5630.0,1
2026-08-14,직장인,신용대출,794,3840.0,9.7,3340.0,1
2026-08-16,,신용대출,782,6160.0,10.1,6380.0,1
2026-08-16,무직·주부,비상금대출,673,1220.0,15.2,300.0,1
2026-08-16,직장인,신용대출,740,4040.0,8.9,3910.0,1
2026-08-16,직장인,비상금대출,828,7750.0,10.6,300.0,1
2026-08-17,자영업자,비상금대출,532,4200.0,16.0,300.0,0
2026-08-17,자영업자,신용대출,812,,9.8,5830.0,1
2026-08-17,무직·주부,비상금대출,669,560.0,13.5,140.0,0
2026-08-18,자영업자,비상금대출,654,5380.0,13.8,300.0,0
2026-08-18,자영업자,신용대출,588,5310.0,12.5,3800.0,1
2026-08-18,자영업자,신용대출,764,4630.0,10.6,3460.0,0
2026-08-18,직장인,비상금대출,980,3740.0,6.9,300.0,1
2026-08-19,직장인,신용대출,644,,13.3,4860.0,0
2026-08-20,공무원,신용대출,885,5350.0,7.2,5360.0,1
2026-08-20,공무원,신용대출,783,4700.0,8.7,4730.0,1
2026-08-20,직장인,비상금대출,713,2910.0,13.7,300.0,1
2026-08-21,프리랜서,신용대출,534,2070.0,15.0,3300.0,0
2026-08-21,자영업자,신용대출,869,2840.0,6.4,530.0,1
2026-08-21,공무원,신용대출,821,3810.0,7.9,3640.0,1
2026-08-22,자영업자,신용대출,737,,10.4,,1
2026-08-22,프리랜서,비상금대출,643,1310.0,12.7,300.0,1
2026-08-23,직장인,신용대출,769,3730.0,9.4,3010.0,0
2026-08-23,무직·주부,신용대출,551,930.0,15.0,230.0,0
2026-08-23,직장인,신용대출,639,5790.0,13.4,5110.0,0
2026-08-23,프리랜서,대환대출,671,2120.0,9.9,420.0,1
2026-08-24,직장인,비상금대출,835,5120.0,11.9,300.0,1
2026-08-24,직장인,신용대출,736,4910.0,10.7,3010.0,1
2026-08-24,프리랜서,비상금대출,589,5460.0,16.7,300.0,0
2026-08-25,직장인,신용대출,770,3670.0,9.0,4240.0,1
2026-08-25,직장인,대환대출,864,5850.0,5.2,6280.0,1
2026-08-25,자영업자,대환대출,651,1550.0,12.6,620.0,1
2026-08-25,공무원,비상금대출,978,5390.0,6.6,300.0,1
2026-08-25,자영업자,대환대출,478,2090.0,15.0,1300.0,0
2026-08-26,직장인,비상금대출,732,3260.0,12.7,300.0,1
2026-08-27,프리랜서,비상금대출,669,3660.0,12.6,300.0,1
2026-08-27,직장인,비상금대출,659,7710.0,14.3,300.0,1
2026-08-27,프리랜서,신용대출,567,2110.0,14.9,1410.0,0
2026-08-28,직장인,비상금대출,890,3070.0,8.6,300.0,1
2026-08-28,자영업자,대환대출,719,5880.0,8.4,3310.0,1
2026-08-29,프리랜서,대환대출,694,9430.0,10.8,5740.0,1
2026-08-29,프리랜서,신용대출,493,1730.0,16.2,1480.0,0
2026-08-29,직장인,신용대출,815,4370.0,9.2,3240.0,1
2026-08-29,직장인,비상금대출,737,5400.0,13.7,300.0,1
2026-08-30,프리랜서,신용대출,520,2300.0,14.5,550.0,0
2026-08-31,직장인,비상금대출,758,5630.0,14.3,300.0,1
2026-08-31,직장인,대환대출,610,5560.0,12.9,5890.0,0
2026-08-31,직장인,신용대출,790,3950.0,8.7,3850.0,1
2026-08-31,공무원,비상금대출,923,4730.0,9.0,300.0,1
